{
    "rmse": 0.7145067908902071,
    "mae": 0.5695008089022244,
    "r2": 0.24751321796652692
}