{
    "rmse": 0.7442948387622202,
    "mae": 0.5756114215853572,
    "r2": 0.21136061498436076
}